school,sex,age,address,famsize,Pstatus,Medu,Fedu,Mjob,Fjob,reason,guardian,traveltime,studytime,failures,schoolsup,famsup,paid,activities,nursery,higher,internet,romantic,famrel,freetime,goout,Dalc,Walc,health,absences,G1,G2
GP,F,16,U,GT3,T,4,4,teacher,services,course,mother,1,4,0,no,yes,yes,yes,yes,yes,yes,no,5,2,2,1,1,5,1,16,17
GP,M,17,U,LE3,T,3,3,services,other,home,father,1,3,0,no,yes,no,yes,yes,yes,yes,no,4,3,3,1,2,4,2,14,15
GP,F,16,R,GT3,T,2,2,at_home,services,reputation,mother,2,2,0,no,no,no,yes,yes,yes,yes,no,4,3,3,1,1,4,4,11,12
GP,M,18,U,GT3,A,2,1,other,other,course,mother,1,2,0,no,yes,no,no,yes,yes,yes,yes,3,4,4,2,2,3,6,10,10
MS,F,17,R,LE3,T,1,1,at_home,other,other,mother,3,1,2,yes,no,no,no,no,no,no,yes,2,4,4,2,3,2,16,6,7
MS,M,18,R,GT3,T,1,2,other,services,course,father,2,1,3,no,no,yes,no,yes,yes,no,no,3,3,5,3,4,3,20,5,6
GP,F,15,U,GT3,T,4,3,health,health,reputation,mother,1,3,0,no,yes,yes,yes,yes,yes,yes,no,4,2,2,1,1,4,0,15,16
GP,M,16,U,LE3,T,2,2,services,services,home,mother,1,2,0,no,no,no,yes,yes,yes,yes,no,4,3,3,1,1,5,4,12,11
MS,M,19,R,GT3,A,2,2,other,other,course,other,2,1,1,no,no,no,no,no,yes,yes,yes,3,3,4,2,3,2,12,8,8
GP,F,17,U,GT3,T,3,4,services,teacher,course,mother,1,4,0,no,yes,yes,yes,yes,yes,yes,no,5,2,3,1,1,5,2,17,18
